Handle,Title,Body (HTML),Vendor,Product Category,Type,Tags,Published,Option1 Name,Option1 Value,Variant SKU,Variant Grams,Variant Inventory Tracker,Variant Inventory Qty,Variant Inventory Policy,Variant Fulfillment Service,Variant Price,Variant Compare At Price,Variant Requires Shipping,Variant Taxable,Image Src,Image Position,Image Alt Text,SEO Title,SEO Description,Status
laminate,Laminate Flooring,"<p>Our extensive range of laminate flooring brings the beauty of real wood to your home at a fraction of the price. From <a href=""https://www.factory-direct-flooring.co.uk/laminate/oak"" title=""Oak Laminate Flooring"">oak</a> and <a href=""https://www.factory-direct-flooring.co.uk/laminate/herringbone"" title=""Herringbone Laminate Flooring"">herringbone patterns</a> to sleek grey and modern finishes, we offer a variety of options that suit any décor. Designed for both style and durability, our floors are easy to clean and maintain, with thicknesses from 6mm to 14mm to suit every room. Produced by Factory Direct Flooring and leading industry brands, our laminate flooring is built to last. Use our filters to find the best prices and find the ideal laminate flooring for your home.</p>",Factory Direct Flooring,hg-4-1,Solid Wood Flooring,solid-wood-flooring,TRUE,Title,Default Title,,0,shopify,100,deny,manual,0.00,,TRUE,TRUE,https://imagely.factory-direct-flooring.co.uk/media/catalog/product/cache/07f4e6a093cd3c305a832187014ed50b/p/r/prestige-herringbone-iris-oak-8mm-laminate-3773-xl-s1_1.jpg,1,Laminate Flooring,Laminate Flooring,Discover our range of quality laminate flooring at prices 60% cheaper than the high street. Order your free laminate floor samples today.,active
laminate,,,,,,,,,,,,,,,,,,,,https://imagely.factory-direct-flooring.co.uk/media/catalog/product/cache/07f4e6a093cd3c305a832187014ed50b/p/r/prestige-herringbone-iris-oak-8mm-laminate-3773-xl-swatch-2.jpg,2,Laminate Flooring,,,
laminate,,,,,,,,,,,,,,,,,,,,https://imagely.factory-direct-flooring.co.uk/media/catalog/product/cache/07f4e6a093cd3c305a832187014ed50b/p/r/prestige-classic-6mm-oak-light-grey-laminate-flooring-3904-xl-lifestyle-1_1.jpg,3,Laminate Flooring,,,
laminate,,,,,,,,,,,,,,,,,,,,https://imagely.factory-direct-flooring.co.uk/media/catalog/product/cache/07f4e6a093cd3c305a832187014ed50b/p/r/prestige-classic-6mm-oak-light-grey-laminate-flooring-3904-xl-lifestyle-2.jpg,4,Laminate Flooring,,,
laminate,,,,,,,,,,,,,,,,,,,,https://imagely.factory-direct-flooring.co.uk/media/catalog/product/cache/07f4e6a093cd3c305a832187014ed50b/7/4/74151p_10.jpg,5,Laminate Flooring,,,
laminate,,,,,,,,,,,,,,,,,,,,https://imagely.factory-direct-flooring.co.uk/media/catalog/product/cache/07f4e6a093cd3c305a832187014ed50b/7/4/74151p_17.jpg,6,Laminate Flooring,,,
laminate,,,,,,,,,,,,,,,,,,,,https://imagely.factory-direct-flooring.co.uk/media/catalog/product/cache/07f4e6a093cd3c305a832187014ed50b/p/r/prestige-7mm-dusky-grey-oak-laminate-3532-xl-lifestyle-1.jpg,7,Laminate Flooring,,,
laminate,,,,,,,,,,,,,,,,,,,,https://imagely.factory-direct-flooring.co.uk/media/catalog/product/cache/07f4e6a093cd3c305a832187014ed50b/p/r/prestige-7mm-dusky-grey-oak-laminate-3532-xl-lifestyle-2.jpg,8,Laminate Flooring,,,
laminate,,,,,,,,,,,,,,,,,,,,https://imagely.factory-direct-flooring.co.uk/media/catalog/product/cache/07f4e6a093cd3c305a832187014ed50b/7/4/74155p_9.jpg,9,Laminate Flooring,,,
laminate,,,,,,,,,,,,,,,,,,,,https://imagely.factory-direct-flooring.co.uk/media/catalog/product/cache/07f4e6a093cd3c305a832187014ed50b/7/4/74155p_5.jpg,10,Laminate Flooring,,,
laminate,,,,,,,,,,,,,,,,,,,,https://imagely.factory-direct-flooring.co.uk/media/catalog/product/cache/07f4e6a093cd3c305a832187014ed50b/7/4/74149h_4.jpg,11,Laminate Flooring,,,
laminate,,,,,,,,,,,,,,,,,,,,https://imagely.factory-direct-flooring.co.uk/media/catalog/product/cache/07f4e6a093cd3c305a832187014ed50b/7/4/74149h_10.jpg,12,Laminate Flooring,,,
laminate,,,,,,,,,,,,,,,,,,,,https://imagely.factory-direct-flooring.co.uk/media/catalog/product/cache/07f4e6a093cd3c305a832187014ed50b/p/r/prestige-herringbone-charcoal-8mm-laminate-6010-xl-lifestyle-1.jpg,13,Laminate Flooring,,,
laminate,,,,,,,,,,,,,,,,,,,,https://imagely.factory-direct-flooring.co.uk/media/catalog/product/cache/07f4e6a093cd3c305a832187014ed50b/p/r/prestige-herringbone-charcoal-8mm-laminate-6010-xl-lifestyle-2.jpg,14,Laminate Flooring,,,
laminate,,,,,,,,,,,,,,,,,,,,https://imagely.factory-direct-flooring.co.uk/media/catalog/product/cache/07f4e6a093cd3c305a832187014ed50b/1/2/12mm_arbor_oak_v-groove_3570_lifestyle_image_lifestyle_xl3a.jpg,15,Laminate Flooring,,,
laminate,,,,,,,,,,,,,,,,,,,,https://imagely.factory-direct-flooring.co.uk/media/catalog/product/cache/07f4e6a093cd3c305a832187014ed50b/p/r/prestige-plus-12mm-arbor-oak-ac5-click-laminate-flooring-3570-xl-swatch.jpg,16,Laminate Flooring,,,
laminate,,,,,,,,,,,,,,,,,,,,https://imagely.factory-direct-flooring.co.uk/media/catalog/product/cache/07f4e6a093cd3c305a832187014ed50b/p/r/prestige-classic-white-oak-6mm-laminate-flooring-3201-xl-lifestyle-1.jpg,17,Laminate Flooring,,,
laminate,,,,,,,,,,,,,,,,,,,,https://imagely.factory-direct-flooring.co.uk/media/catalog/product/cache/07f4e6a093cd3c305a832187014ed50b/p/r/prestige-classic-white-oak-6mm-laminate-flooring-3201-xl-lifestyle-2.jpg,18,Laminate Flooring,,,
laminate,,,,,,,,,,,,,,,,,,,,https://imagely.factory-direct-flooring.co.uk/media/catalog/product/cache/07f4e6a093cd3c305a832187014ed50b/p/r/prestige-8mm-lucca-walnut-laminate-3070-xl-lifestyle-1.jpg,19,Laminate Flooring,,,
laminate,,,,,,,,,,,,,,,,,,,,https://imagely.factory-direct-flooring.co.uk/media/catalog/product/cache/07f4e6a093cd3c305a832187014ed50b/p/r/prestige-8mm-lucca-walnut-laminate-3070-xl-lifestyle-2.jpg,20,Laminate Flooring,,,
laminate,,,,,,,,,,,,,,,,,,,,https://imagely.factory-direct-flooring.co.uk/media/catalog/product/cache/07f4e6a093cd3c305a832187014ed50b/p/r/prestige-classic-6mm-misty-grey-oak-laminate-flooring-3126-lifestyle-xl-1.jpg,21,Laminate Flooring,,,
laminate,,,,,,,,,,,,,,,,,,,,https://imagely.factory-direct-flooring.co.uk/media/catalog/product/cache/07f4e6a093cd3c305a832187014ed50b/p/r/prestige-classic-6mm-misty-grey-oak-laminate-flooring-3126-lifestyle-xl-2.jpg,22,Laminate Flooring,,,
laminate,,,,,,,,,,,,,,,,,,,,https://imagely.factory-direct-flooring.co.uk/media/catalog/product/cache/07f4e6a093cd3c305a832187014ed50b/e/m/embrace_herringbone_midnight_oak_12mm_laminate_3.jpg,23,Laminate Flooring,,,
laminate,,,,,,,,,,,,,,,,,,,,https://imagely.factory-direct-flooring.co.uk/media/catalog/product/cache/07f4e6a093cd3c305a832187014ed50b/e/m/embrace_herringbone_midnight_oak_12mm_laminate_1.jpg,24,Laminate Flooring,,,
laminate,,,,,,,,,,,,,,,,,,,,https://imagely.factory-direct-flooring.co.uk/media/catalog/product/cache/07f4e6a093cd3c305a832187014ed50b/p/r/prestige-century-oak-grey-7mm-v-groove-click-laminate-flooring-4175-xl-lifestyle-1.jpg,25,Laminate Flooring,,,
laminate,,,,,,,,,,,,,,,,,,,,https://imagely.factory-direct-flooring.co.uk/media/catalog/product/cache/07f4e6a093cd3c305a832187014ed50b/p/r/prestige_century_oak_grey_7mm_v-groove_click_laminate_flooring_4175_xl2.jpg,26,Laminate Flooring,,,
laminate,,,,,,,,,,,,,,,,,,,,https://imagely.factory-direct-flooring.co.uk/media/catalog/product/cache/07f4e6a093cd3c305a832187014ed50b/p/r/prestige-natur-oak-7mm-v-groove-click-laminate-flooring-3903-xl-lifestyle-1.jpg,27,Laminate Flooring,,,
laminate,,,,,,,,,,,,,,,,,,,,https://imagely.factory-direct-flooring.co.uk/media/catalog/product/cache/07f4e6a093cd3c305a832187014ed50b/p/r/prestige-natur-oak-7mm-v-groove-click-laminate-flooring-3903-xl-lifestyle-2.jpg,28,Laminate Flooring,,,
laminate,,,,,,,,,,,,,,,,,,,,https://imagely.factory-direct-flooring.co.uk/media/catalog/product/cache/07f4e6a093cd3c305a832187014ed50b/p/r/prestige-white-oak-8mm-v-groove-laminate-flooring-3201-xl-lifestyle-1.jpg,29,Laminate Flooring,,,
laminate,,,,,,,,,,,,,,,,,,,,https://imagely.factory-direct-flooring.co.uk/media/catalog/product/cache/07f4e6a093cd3c305a832187014ed50b/p/r/prestige-white-oak-8mm-v-groove-laminate-flooring-3201-xl-lifestyle-2.jpg,30,Laminate Flooring,,,
laminate,,,,,,,,,,,,,,,,,,,,https://imagely.factory-direct-flooring.co.uk/media/catalog/product/cache/07f4e6a093cd3c305a832187014ed50b/7/4/74156p_7.jpg,31,Laminate Flooring,,,
laminate,,,,,,,,,,,,,,,,,,,,https://imagely.factory-direct-flooring.co.uk/media/catalog/product/cache/07f4e6a093cd3c305a832187014ed50b/7/4/74156p_12.jpg,32,Laminate Flooring,,,
laminate,,,,,,,,,,,,,,,,,,,,https://imagely.factory-direct-flooring.co.uk/media/catalog/product/cache/07f4e6a093cd3c305a832187014ed50b/7/4/74150h_4.jpg,33,Laminate Flooring,,,
laminate,,,,,,,,,,,,,,,,,,,,https://imagely.factory-direct-flooring.co.uk/media/catalog/product/cache/07f4e6a093cd3c305a832187014ed50b/7/4/74150h_16.jpg,34,Laminate Flooring,,,
laminate,,,,,,,,,,,,,,,,,,,,https://imagely.factory-direct-flooring.co.uk/media/catalog/product/cache/07f4e6a093cd3c305a832187014ed50b/e/m/embrace_herringbone_walnut_12mm_laminate_2.jpg,35,Laminate Flooring,,,
laminate,,,,,,,,,,,,,,,,,,,,https://imagely.factory-direct-flooring.co.uk/media/catalog/product/cache/07f4e6a093cd3c305a832187014ed50b/e/m/embrace_herringbone_walnut_12mm_laminate_1.jpg,36,Laminate Flooring,,,
laminate,,,,,,,,,,,,,,,,,,,,https://imagely.factory-direct-flooring.co.uk/media/catalog/product/cache/07f4e6a093cd3c305a832187014ed50b/e/m/embrace_herringbone_royal_oak_12mm_laminate_2.jpg,37,Laminate Flooring,,,
laminate,,,,,,,,,,,,,,,,,,,,https://imagely.factory-direct-flooring.co.uk/media/catalog/product/cache/07f4e6a093cd3c305a832187014ed50b/e/m/embrace_herringbone_royal_oak_12mm_laminate_1.jpg,38,Laminate Flooring,,,
editorial-policy,Our Editorial Policy,,Factory Direct Flooring,hg-4-1,Solid Wood Flooring,solid-wood-flooring,TRUE,Title,Default Title,,0,shopify,100,deny,manual,0.00,,TRUE,TRUE,,,Our Editorial Policy,Editorial Policy,"Our editorial policy is to provide accurate, relevant and useful information about all types of wood, laminate and vinyl flooring. For more information click here.",active
sustainability,We support tree planting projects across the globe,,Factory Direct Flooring,hg-4-1,Solid Wood Flooring,solid-wood-flooring,TRUE,Title,Default Title,,0,shopify,100,deny,manual,0.00,,TRUE,TRUE,,,We support tree planting projects across the globe,Sustainability and caring for Our Environment,"Explore how we're making a difference. Our sustainability efforts focus on environmental projects, community well-being, and preserving the environment for future generations. See how we contribute and how we’re offsetting our carbon footprint.",active
luxury-vinyl-tiles,LVT Flooring,"<p>Luxury Vinyl Tile (LVT) flooring offers the perfect combination of style, durability, and practicality. Its water-resistant and scratch-resistant properties make it ideal for busy households, particularly in kitchens and bathrooms. Luxury vinyl flooring has so many designs to choose from, natural wood, stone, and slate, LVT provides a high-end look without the high-end price all with national UK delivery. Available in easy-to-install <a href=""https://www.factory-direct-flooring.co.uk/luxury-vinyl-tiles/click"" title=""Click Vinyl Flooring"">click</a> or <a href=""https://www.factory-direct-flooring.co.uk/luxury-vinyl-tiles/glue-down"" title=""Glue Down LVT Flooring"">glue-down</a> options, LVT flooring is a fantastic choice for any room, offering comfort and warmth underfoot.<p/>",Factory Direct Flooring,hg-4-1,Solid Wood Flooring,solid-wood-flooring,TRUE,Title,Default Title,,0,shopify,100,deny,manual,10.00,,TRUE,TRUE,https://imagely.factory-direct-flooring.co.uk/media/catalog/product/cache/07f4e6a093cd3c305a832187014ed50b/a/q/aqua_plank_natural_oak_click_vinyl_flooring_10.jpg,1,LVT Flooring,Luxury Vinyl Tiles (LVT Flooring),"Browse our range of LVT flooring featuring oak, slate, and concrete flooring designs that look just like the real thing. Free samples available.",active
luxury-vinyl-tiles,,,,,,,,,,,,,,,,,,,,https://imagely.factory-direct-flooring.co.uk/media/catalog/product/cache/07f4e6a093cd3c305a832187014ed50b/a/q/aqua_plank_natural_oak_click_vinyl_flooring_11.jpg,2,LVT Flooring,,,
luxury-vinyl-tiles,,,,,,,,,,,,,,,,,,,,https://imagely.factory-direct-flooring.co.uk/media/catalog/product/cache/07f4e6a093cd3c305a832187014ed50b/a/q/aqua_plank_pendosa_oak_herringbone_click_vinyl_10.jpg,3,LVT Flooring,,,
luxury-vinyl-tiles,,,,,,,,,,,,,,,,,,,,https://imagely.factory-direct-flooring.co.uk/media/catalog/product/cache/07f4e6a093cd3c305a832187014ed50b/a/q/aqua_plank_pendosa_oak_herringbone_click_vinyl_13.jpg,4,LVT Flooring,,,
luxury-vinyl-tiles,,,,,,,,,,,,,,,,,,,,https://imagely.factory-direct-flooring.co.uk/media/catalog/product/cache/07f4e6a093cd3c305a832187014ed50b/a/p/ap74159h_16_2.jpg,5,LVT Flooring,,,
luxury-vinyl-tiles,,,,,,,,,,,,,,,,,,,,https://imagely.factory-direct-flooring.co.uk/media/catalog/product/cache/07f4e6a093cd3c305a832187014ed50b/a/p/ap74159h_10_2.jpg,6,LVT Flooring,,,
luxury-vinyl-tiles,,,,,,,,,,,,,,,,,,,,https://imagely.factory-direct-flooring.co.uk/media/catalog/product/cache/07f4e6a093cd3c305a832187014ed50b/a/p/ap73997_1.jpg,7,LVT Flooring,,,
luxury-vinyl-tiles,,,,,,,,,,,,,,,,,,,,https://imagely.factory-direct-flooring.co.uk/media/catalog/product/cache/07f4e6a093cd3c305a832187014ed50b/a/q/aqua_plank_stove_oak_click_vinyl_flooring_21.jpg,8,LVT Flooring,,,
luxury-vinyl-tiles,,,,,,,,,,,,,,,,,,,,https://imagely.factory-direct-flooring.co.uk/media/catalog/product/cache/07f4e6a093cd3c305a832187014ed50b/a/q/aqua_plank_ravine_grey_herringbone_click_vinyl_flooring_3.jpg,9,LVT Flooring,,,
luxury-vinyl-tiles,,,,,,,,,,,,,,,,,,,,https://imagely.factory-direct-flooring.co.uk/media/catalog/product/cache/07f4e6a093cd3c305a832187014ed50b/a/q/aqua_plank_ravine_grey_herringbone_click_vinyl_flooring_2.jpg,10,LVT Flooring,,,
luxury-vinyl-tiles,,,,,,,,,,,,,,,,,,,,https://imagely.factory-direct-flooring.co.uk/media/catalog/product/cache/07f4e6a093cd3c305a832187014ed50b/a/q/aqua_plank_colorado_oak_click_vinyl_flooring_10.jpg,11,LVT Flooring,,,
luxury-vinyl-tiles,,,,,,,,,,,,,,,,,,,,https://imagely.factory-direct-flooring.co.uk/media/catalog/product/cache/07f4e6a093cd3c305a832187014ed50b/a/q/aqua_plank_colorado_oak_click_vinyl_flooring_21.jpg,12,LVT Flooring,,,
luxury-vinyl-tiles,,,,,,,,,,,,,,,,,,,,https://imagely.factory-direct-flooring.co.uk/media/catalog/product/cache/07f4e6a093cd3c305a832187014ed50b/a/p/ap73982h_11.jpg,13,LVT Flooring,,,
luxury-vinyl-tiles,,,,,,,,,,,,,,,,,,,,https://imagely.factory-direct-flooring.co.uk/media/catalog/product/cache/07f4e6a093cd3c305a832187014ed50b/a/p/ap73982h_16.jpg,14,LVT Flooring,,,
luxury-vinyl-tiles,,,,,,,,,,,,,,,,,,,,https://imagely.factory-direct-flooring.co.uk/media/catalog/product/cache/07f4e6a093cd3c305a832187014ed50b/e/n/engrave_oak_diverse_luxury_vinyl_plank_7004_1.jpg,15,LVT Flooring,,,
luxury-vinyl-tiles,,,,,,,,,,,,,,,,,,,,https://imagely.factory-direct-flooring.co.uk/media/catalog/product/cache/07f4e6a093cd3c305a832187014ed50b/e/n/engrave_oak_diverse_luxury_vinyl_plank_7004_2.jpg,16,LVT Flooring,,,
luxury-vinyl-tiles,,,,,,,,,,,,,,,,,,,,https://imagely.factory-direct-flooring.co.uk/media/catalog/product/cache/07f4e6a093cd3c305a832187014ed50b/7/3/73662stoutland11cropped.jpg,17,LVT Flooring,,,
luxury-vinyl-tiles,,,,,,,,,,,,,,,,,,,,https://imagely.factory-direct-flooring.co.uk/media/catalog/product/cache/07f4e6a093cd3c305a832187014ed50b/6/3/63662stoutlandcropped.jpg,18,LVT Flooring,,,
luxury-vinyl-tiles,,,,,,,,,,,,,,,,,,,,https://imagely.factory-direct-flooring.co.uk/media/catalog/product/cache/07f4e6a093cd3c305a832187014ed50b/a/p/ap73998_15.jpg,19,LVT Flooring,,,
luxury-vinyl-tiles,,,,,,,,,,,,,,,,,,,,https://imagely.factory-direct-flooring.co.uk/media/catalog/product/cache/07f4e6a093cd3c305a832187014ed50b/a/p/ap73998_7.jpg,20,LVT Flooring,,,
luxury-vinyl-tiles,,,,,,,,,,,,,,,,,,,,https://imagely.factory-direct-flooring.co.uk/media/catalog/product/cache/07f4e6a093cd3c305a832187014ed50b/a/p/ap74006h_11.jpg,21,LVT Flooring,,,
luxury-vinyl-tiles,,,,,,,,,,,,,,,,,,,,https://imagely.factory-direct-flooring.co.uk/media/catalog/product/cache/07f4e6a093cd3c305a832187014ed50b/a/p/ap74006h_13.jpg,22,LVT Flooring,,,
luxury-vinyl-tiles,,,,,,,,,,,,,,,,,,,,https://imagely.factory-direct-flooring.co.uk/media/catalog/product/cache/07f4e6a093cd3c305a832187014ed50b/a/p/ap74000n_15.jpg,23,LVT Flooring,,,
luxury-vinyl-tiles,,,,,,,,,,,,,,,,,,,,https://imagely.factory-direct-flooring.co.uk/media/catalog/product/cache/07f4e6a093cd3c305a832187014ed50b/a/q/aqua_plank_metal_oak_click_vinyl_flooring_21.jpg,24,LVT Flooring,,,
luxury-vinyl-tiles,,,,,,,,,,,,,,,,,,,,https://imagely.factory-direct-flooring.co.uk/media/catalog/product/cache/07f4e6a093cd3c305a832187014ed50b/c/h/chic_parquet_dry_back_herringbone_harbour_12_1.jpg,25,LVT Flooring,,,
luxury-vinyl-tiles,,,,,,,,,,,,,,,,,,,,https://imagely.factory-direct-flooring.co.uk/media/catalog/product/cache/07f4e6a093cd3c305a832187014ed50b/c/h/chic_parquet_dry_back_herringbone_harbour_7_2.jpg,26,LVT Flooring,,,
luxury-vinyl-tiles,,,,,,,,,,,,,,,,,,,,https://imagely.factory-direct-flooring.co.uk/media/catalog/product/cache/07f4e6a093cd3c305a832187014ed50b/e/n/engrave_driftwood_luxury_vinyl_plank_7006_6_1.jpg,27,LVT Flooring,,,
luxury-vinyl-tiles,,,,,,,,,,,,,,,,,,,,https://imagely.factory-direct-flooring.co.uk/media/catalog/product/cache/07f4e6a093cd3c305a832187014ed50b/e/n/engrave_driftwood_luxury_vinyl_plank_7006_5_1.jpg,28,LVT Flooring,,,
luxury-vinyl-tiles,,,,,,,,,,,,,,,,,,,,https://imagely.factory-direct-flooring.co.uk/media/catalog/product/cache/07f4e6a093cd3c305a832187014ed50b/u/l/ul74104-9.jpg,29,LVT Flooring,,,
luxury-vinyl-tiles,,,,,,,,,,,,,,,,,,,,https://imagely.factory-direct-flooring.co.uk/media/catalog/product/cache/07f4e6a093cd3c305a832187014ed50b/u/l/ul74104-4.jpg,30,LVT Flooring,,,
luxury-vinyl-tiles,,,,,,,,,,,,,,,,,,,,https://imagely.factory-direct-flooring.co.uk/media/catalog/product/cache/07f4e6a093cd3c305a832187014ed50b/u/l/ul74105-12.jpg,31,LVT Flooring,,,
luxury-vinyl-tiles,,,,,,,,,,,,,,,,,,,,https://imagely.factory-direct-flooring.co.uk/media/catalog/product/cache/07f4e6a093cd3c305a832187014ed50b/u/l/ul74105-6.jpg,32,LVT Flooring,,,
luxury-vinyl-tiles,,,,,,,,,,,,,,,,,,,,https://imagely.factory-direct-flooring.co.uk/media/catalog/product/cache/07f4e6a093cd3c305a832187014ed50b/u/l/ul74106-15.jpg,33,LVT Flooring,,,
luxury-vinyl-tiles,,,,,,,,,,,,,,,,,,,,https://imagely.factory-direct-flooring.co.uk/media/catalog/product/cache/07f4e6a093cd3c305a832187014ed50b/u/l/ul74106-13.jpg,34,LVT Flooring,,,
luxury-vinyl-tiles,,,,,,,,,,,,,,,,,,,,https://imagely.factory-direct-flooring.co.uk/media/catalog/product/cache/07f4e6a093cd3c305a832187014ed50b/u/l/ul74107-10.jpg,35,LVT Flooring,,,
luxury-vinyl-tiles,,,,,,,,,,,,,,,,,,,,https://imagely.factory-direct-flooring.co.uk/media/catalog/product/cache/07f4e6a093cd3c305a832187014ed50b/u/l/ul74107-8.jpg,36,LVT Flooring,,,
luxury-vinyl-tiles,,,,,,,,,,,,,,,,,,,,https://imagely.factory-direct-flooring.co.uk/media/catalog/product/cache/07f4e6a093cd3c305a832187014ed50b/u/l/ul74108-10.jpg,37,LVT Flooring,,,
luxury-vinyl-tiles,,,,,,,,,,,,,,,,,,,,https://imagely.factory-direct-flooring.co.uk/media/catalog/product/cache/07f4e6a093cd3c305a832187014ed50b/u/l/ul74108-14.jpg,38,LVT Flooring,,,
luxury-vinyl-tiles,,,,,,,,,,,,,,,,,,,,https://imagely.factory-direct-flooring.co.uk/media/catalog/product/cache/07f4e6a093cd3c305a832187014ed50b/u/l/ul74109-12.jpg,39,LVT Flooring,,,
luxury-vinyl-tiles,,,,,,,,,,,,,,,,,,,,https://imagely.factory-direct-flooring.co.uk/media/catalog/product/cache/07f4e6a093cd3c305a832187014ed50b/u/l/ul74109-6.jpg,40,LVT Flooring,,,
real-wood-flooring,Engineered Wood Flooring,"<style>
.flooring-filters {margin: 10px; }
.flooring-filters li p {display:inline; }
.flooring-filters li {display:inline; padding: 5px; font-weight: 600; }
</style>

<div class=""flooring-filters list"">
  <ul>
    <li><p><a href=""/engineered-wood-flooring/herringbone"" title=""Engineered Herringbone Flooring"">Herringbone</a></p></li> |
    <li><p><a href=""/engineered-wood-flooring/living-room"" title=""Engineered Living Room Flooring"">Living Room</a></p></li> |
    <li><p><a href=""/engineered-wood-flooring/oak"" title=""Engineered Oak Flooring"">Oak</a></p></li> |
    <li><p><a href=""/engineered-wood-flooring/white"" title=""Engineered White Flooring"">White</a></p></li> |
    <li><p><a href=""/engineered-wood-flooring/dark"" title=""Engineered Dark Flooring"">Dark</a></p></li> |
    <li><p><a href=""/engineered-wood-flooring/lacquered"" title=""Engineered Lacquered Flooring"">Lacquered</a></p></li> |
    <li><p><a href=""/engineered-wood-flooring/click"" title=""Click Lock Engineered Flooring"">Click lock</a></p></li>
  </ul>",Factory Direct Flooring,hg-4-1,Engineered Wood Flooring,engineered-wood-flooring,TRUE,Title,Default Title,,0,shopify,100,deny,manual,20.00,,TRUE,TRUE,https://imagely.factory-direct-flooring.co.uk/media/catalog/product/cache/07f4e6a093cd3c305a832187014ed50b/7/4/74093bul_17.jpg,1,Engineered Wood Flooring,Engineered Wood Flooring,Browse our range of engineered wood flooring products available at affordable prices and order up to two free flooring samples delivered first class.,active
real-wood-flooring,,,,,,,,,,,,,,,,,,,,https://imagely.factory-direct-flooring.co.uk/media/catalog/product/cache/07f4e6a093cd3c305a832187014ed50b/7/4/74093bul_10.jpg,2,Engineered Wood Flooring,,,
real-wood-flooring,,,,,,,,,,,,,,,,,,,,https://imagely.factory-direct-flooring.co.uk/media/catalog/product/cache/07f4e6a093cd3c305a832187014ed50b/f/f/ff-74098nbl-11.jpg,3,Engineered Wood Flooring,,,
real-wood-flooring,,,,,,,,,,,,,,,,,,,,https://imagely.factory-direct-flooring.co.uk/media/catalog/product/cache/07f4e6a093cd3c305a832187014ed50b/f/f/ff-74098nbl-18.jpg,4,Engineered Wood Flooring,,,
real-wood-flooring,,,,,,,,,,,,,,,,,,,,https://imagely.factory-direct-flooring.co.uk/media/catalog/product/cache/07f4e6a093cd3c305a832187014ed50b/a/b/abbey_audley_oak_14mm_brushed_oiled_engineered_17.jpg,5,Engineered Wood Flooring,,,
real-wood-flooring,,,,,,,,,,,,,,,,,,,,https://imagely.factory-direct-flooring.co.uk/media/catalog/product/cache/07f4e6a093cd3c305a832187014ed50b/a/b/abbey_audley_oak_14mm_brushed_oiled_engineered_13.jpg,6,Engineered Wood Flooring,,,
real-wood-flooring,,,,,,,,,,,,,,,,,,,,https://imagely.factory-direct-flooring.co.uk/media/catalog/product/cache/07f4e6a093cd3c305a832187014ed50b/7/4/74167h-14.jpg,7,Engineered Wood Flooring,,,
real-wood-flooring,,,,,,,,,,,,,,,,,,,,https://imagely.factory-direct-flooring.co.uk/media/catalog/product/cache/07f4e6a093cd3c305a832187014ed50b/7/4/74167h-18.jpg,8,Engineered Wood Flooring,,,
real-wood-flooring,,,,,,,,,,,,,,,,,,,,https://imagely.factory-direct-flooring.co.uk/media/catalog/product/cache/07f4e6a093cd3c305a832187014ed50b/7/4/74168h-14.jpg,9,Engineered Wood Flooring,,,
real-wood-flooring,,,,,,,,,,,,,,,,,,,,https://imagely.factory-direct-flooring.co.uk/media/catalog/product/cache/07f4e6a093cd3c305a832187014ed50b/7/4/74168h-17.jpg,10,Engineered Wood Flooring,,,
real-wood-flooring,,,,,,,,,,,,,,,,,,,,https://imagely.factory-direct-flooring.co.uk/media/catalog/product/cache/07f4e6a093cd3c305a832187014ed50b/7/4/74169h-14.jpg,11,Engineered Wood Flooring,,,
real-wood-flooring,,,,,,,,,,,,,,,,,,,,https://imagely.factory-direct-flooring.co.uk/media/catalog/product/cache/07f4e6a093cd3c305a832187014ed50b/7/4/74169h-17.jpg,12,Engineered Wood Flooring,,,
real-wood-flooring,,,,,,,,,,,,,,,,,,,,https://imagely.factory-direct-flooring.co.uk/media/catalog/product/cache/07f4e6a093cd3c305a832187014ed50b/7/4/74170h-14.jpg,13,Engineered Wood Flooring,,,
real-wood-flooring,,,,,,,,,,,,,,,,,,,,https://imagely.factory-direct-flooring.co.uk/media/catalog/product/cache/07f4e6a093cd3c305a832187014ed50b/7/4/74170h-18.jpg,14,Engineered Wood Flooring,,,
real-wood-flooring,,,,,,,,,,,,,,,,,,,,https://imagely.factory-direct-flooring.co.uk/media/catalog/product/cache/07f4e6a093cd3c305a832187014ed50b/7/4/74171h-12.jpg,15,Engineered Wood Flooring,,,
real-wood-flooring,,,,,,,,,,,,,,,,,,,,https://imagely.factory-direct-flooring.co.uk/media/catalog/product/cache/07f4e6a093cd3c305a832187014ed50b/7/4/74171h-16.jpg,16,Engineered Wood Flooring,,,
real-wood-flooring,,,,,,,,,,,,,,,,,,,,https://imagely.factory-direct-flooring.co.uk/media/catalog/product/cache/07f4e6a093cd3c305a832187014ed50b/7/4/74172h-13.jpg,17,Engineered Wood Flooring,,,
real-wood-flooring,,,,,,,,,,,,,,,,,,,,https://imagely.factory-direct-flooring.co.uk/media/catalog/product/cache/07f4e6a093cd3c305a832187014ed50b/7/4/74172h-16.jpg,18,Engineered Wood Flooring,,,
real-wood-flooring,,,,,,,,,,,,,,,,,,,,https://imagely.factory-direct-flooring.co.uk/media/catalog/product/cache/07f4e6a093cd3c305a832187014ed50b/7/4/74173h_2.jpg,19,Engineered Wood Flooring,,,
real-wood-flooring,,,,,,,,,,,,,,,,,,,,https://imagely.factory-direct-flooring.co.uk/media/catalog/product/cache/07f4e6a093cd3c305a832187014ed50b/7/4/74173h_4.jpg,20,Engineered Wood Flooring,,,
real-wood-flooring,,,,,,,,,,,,,,,,,,,,https://imagely.factory-direct-flooring.co.uk/media/catalog/product/cache/07f4e6a093cd3c305a832187014ed50b/7/4/74174h_1_2.png,21,Engineered Wood Flooring,,,
real-wood-flooring,,,,,,,,,,,,,,,,,,,,https://imagely.factory-direct-flooring.co.uk/media/catalog/product/cache/07f4e6a093cd3c305a832187014ed50b/7/4/74174h_10_2.png,22,Engineered Wood Flooring,,,
real-wood-flooring,,,,,,,,,,,,,,,,,,,,https://imagely.factory-direct-flooring.co.uk/media/catalog/product/cache/07f4e6a093cd3c305a832187014ed50b/h/e/herringbone_parquet_14mm_nude_oak_engineered_10.jpg,23,Engineered Wood Flooring,,,
real-wood-flooring,,,,,,,,,,,,,,,,,,,,https://imagely.factory-direct-flooring.co.uk/media/catalog/product/cache/07f4e6a093cd3c305a832187014ed50b/h/e/herringbone_parquet_14mm_nude_oak_engineered_13.jpg,24,Engineered Wood Flooring,,,
real-wood-flooring,,,,,,,,,,,,,,,,,,,,https://imagely.factory-direct-flooring.co.uk/media/catalog/product/cache/07f4e6a093cd3c305a832187014ed50b/a/b/abbey_danson_nude_oak_14mm_brushed_matt_lacquered_engineered_15.jpg,25,Engineered Wood Flooring,,,
real-wood-flooring,,,,,,,,,,,,,,,,,,,,https://imagely.factory-direct-flooring.co.uk/media/catalog/product/cache/07f4e6a093cd3c305a832187014ed50b/a/b/abbey_danson_nude_oak_14mm_brushed_matt_lacquered_engineered_12.jpg,26,Engineered Wood Flooring,,,
real-wood-flooring,,,,,,,,,,,,,,,,,,,,https://imagely.factory-direct-flooring.co.uk/media/catalog/product/cache/07f4e6a093cd3c305a832187014ed50b/n/a/natural_wax_oil_13.jpg,27,Engineered Wood Flooring,,,
real-wood-flooring,,,,,,,,,,,,,,,,,,,,https://imagely.factory-direct-flooring.co.uk/media/catalog/product/cache/07f4e6a093cd3c305a832187014ed50b/n/a/natural_wax_oil_12.jpg,28,Engineered Wood Flooring,,,
real-wood-flooring,,,,,,,,,,,,,,,,,,,,https://imagely.factory-direct-flooring.co.uk/media/catalog/product/cache/07f4e6a093cd3c305a832187014ed50b/f/f/ff-74090lro-10.jpg,29,Engineered Wood Flooring,,,
real-wood-flooring,,,,,,,,,,,,,,,,,,,,https://imagely.factory-direct-flooring.co.uk/media/catalog/product/cache/07f4e6a093cd3c305a832187014ed50b/f/f/ff-74090lro-17.jpg,30,Engineered Wood Flooring,,,
real-wood-flooring,,,,,,,,,,,,,,,,,,,,https://imagely.factory-direct-flooring.co.uk/media/catalog/product/cache/07f4e6a093cd3c305a832187014ed50b/h/e/herringbone_parquet_brushed_matt_lacquer_14mm_harvest_oak_engineered_50.jpg,31,Engineered Wood Flooring,,,
real-wood-flooring,,,,,,,,,,,,,,,,,,,,https://imagely.factory-direct-flooring.co.uk/media/catalog/product/cache/07f4e6a093cd3c305a832187014ed50b/h/e/herringbone_parquet_brushed_matt_lacquer_14mm_harvest_oak_engineered_53.jpg,32,Engineered Wood Flooring,,,
real-wood-flooring,,,,,,,,,,,,,,,,,,,,https://imagely.factory-direct-flooring.co.uk/media/catalog/product/cache/07f4e6a093cd3c305a832187014ed50b/l/o/loire_golden_oak_distressed_wax_oil_15mm_engineered_7.jpg,33,Engineered Wood Flooring,,,
real-wood-flooring,,,,,,,,,,,,,,,,,,,,https://imagely.factory-direct-flooring.co.uk/media/catalog/product/cache/07f4e6a093cd3c305a832187014ed50b/l/o/loire_golden_oak_distressed_wax_oil_15mm_engineered_4.jpg,34,Engineered Wood Flooring,,,
real-wood-flooring,,,,,,,,,,,,,,,,,,,,https://imagely.factory-direct-flooring.co.uk/media/catalog/product/cache/07f4e6a093cd3c305a832187014ed50b/m/a/manor_lytham_18mm_nude_brushed_matt_lacquered_engineered_16.jpg,35,Engineered Wood Flooring,,,
real-wood-flooring,,,,,,,,,,,,,,,,,,,,https://imagely.factory-direct-flooring.co.uk/media/catalog/product/cache/07f4e6a093cd3c305a832187014ed50b/m/a/manor_lytham_18mm_nude_brushed_matt_lacquered_engineered_14.jpg,36,Engineered Wood Flooring,,,
real-wood-flooring,,,,,,,,,,,,,,,,,,,,https://imagely.factory-direct-flooring.co.uk/media/catalog/product/cache/07f4e6a093cd3c305a832187014ed50b/h/e/herringbone_parquet_18mm_smoke_white_brushed_oiled_engineered_14.jpg,37,Engineered Wood Flooring,,,
real-wood-flooring,,,,,,,,,,,,,,,,,,,,https://imagely.factory-direct-flooring.co.uk/media/catalog/product/cache/07f4e6a093cd3c305a832187014ed50b/h/e/herringbone_parquet_18mm_smoke_white_brushed_oiled_engineered_18.jpg,38,Engineered Wood Flooring,,,
real-wood-flooring,,,,,,,,,,,,,,,,,,,,https://imagely.factory-direct-flooring.co.uk/media/catalog/product/cache/07f4e6a093cd3c305a832187014ed50b/7/4/74163aob-harvest_bl_10.jpg,39,Engineered Wood Flooring,,,
real-wood-flooring,,,,,,,,,,,,,,,,,,,,https://imagely.factory-direct-flooring.co.uk/media/catalog/product/cache/07f4e6a093cd3c305a832187014ed50b/7/4/74163aob-harvest_bl_18.jpg,40,Engineered Wood Flooring,,,
malton-18mm-x-120mm-double-smoked-brushed-matt-lacquer-solid-oak-flooring,Malton 18mm x 120mm Double Smoked Brushed Matt Lacquer Solid Oak Flooring,"<p>Malton 18mm x 120mm Double Smoked Brushed Matt Lacquer Solid Oak FlooringThe Malton 18mm x 120mm Double Smoked Brushed Matt Lacquer Solid Oak Flooring is a premium solid wood floor crafted from 100% hardwood, designed to deliver lasting performance with a distinctive smoked finish and rustic character. The double smoked effect deepens the natural oak tones, while the brushed texture highlights the grain and knots, creating a warm, tactile surface ideal for both traditional and contemporary interiors.Finished with a durable matt lacquer, the Malton floor combines aesthetic appeal with practical protection, resisting scuffs, marks and everyday wear while retaining the natural look of real timber.Why choose Malton solid oak flooring?- Authentic solid oak construction Made from 100% hardwood, this flooring can be sanded and refinished multiple times, offering longevity that engineered or laminate alternatives can&rsquo;t match.- Classic 120mm plank width The 120mm width strikes the perfect balance between a modern wide-plank look and practical installation, showcasing the wood&rsquo;s natural grain and rustic character.- Brushed and double smoked finish Brushing enhances the timber&rsquo;s texture while the double smoked treatment adds rich, deep tones.- Heavy-use durability With 18mm thickness and a solid construction, this floor is built to withstand everyday domestic traffic while maintaining its premium appearance.- Rustic grade character Knots, splits and tonal variations are embraced, giving each plank a unique identity and a warm, lived-in feel.Product suitabilityThe Malton solid oak floor is designed for full stick (glue-down) installation, ensuring a secure and long-lasting fit. It is best suited to dry, temperature-stable areas and is not suitable for underfloor heating or moisture-prone rooms like bathrooms.Care and maintenanceThe brushed matt lacquer finish makes daily care easy. Sweep or vacuum regularly (hard floor setting) to remove grit and dust that could scratch the surface. Occasional damp mopping with a wood-safe cleaner will keep the floor looking its best. Avoid excessive moisture and clean spills promptly to protect the wood.Order a free sampleSee the Malton 18mm x 120mm Solid Oak Flooring in your home before buying. Order a free sample to check the colour, texture and smoked effect in your space.For guidance on installation, care or suitability, contact our flooring specialists or download the installation guide above.FAQsWhat does &ldquo;double smoked&rdquo; mean? Double smoked oak is treated twice with a smoking process that darkens the timber, creating rich, deep brown tones while highlighting the natural grain. It gives the floor a distinctive, warm appearance that evolves beautifully with light and age.How is brushed oak different from standard oak? Brushed oak has been mechanically textured along the grain, removing softer wood fibers and creating a tactile surface. This enhances the natural grain, adds depth, and improves slip resistance.Is the Malton floor suitable for open-plan living spaces? Yes. The 120mm plank width provides a continuous, elegant appearance, ideal for open-plan layouts. The rustic character of the oak adds warmth and visual interest throughout large areas.</p>",Abbey,hg-4-1,Solid Wood Flooring,solid-wood-flooring,TRUE,Title,Default Title,74118S,0,shopify,100,deny,manual,68.15,,TRUE,TRUE,https://imagely.factory-direct-flooring.co.uk/media/catalog/product/cache/a32675c3ec31325e225afa082c9c19e7/m/a/malton_18mm_double_smoked_brushed_matt_lacquer_solid_16.jpg,1,Malton 18mm x 120mm Double Smoked Brushed Matt Lacquer Solid Oak Flooring,Malton 18mm x 120mm Double Smoked Brushed Matt Lacquer Solid Oak Flooring,"Malton 18mm x 120mm Double Smoked Brushed Matt Lacquer Solid Oak FlooringThe Malton 18mm x 120mm Double Smoked Brushed Matt Lacquer Solid Oak Flooring is a premium solid wood floor crafted from 100% hardwood, designed to deliver lasting performance with a",active
malton-18mm-x-120mm-double-smoked-brushed-matt-lacquer-solid-oak-flooring,,,,,,,,,,,,,,,,,,,,https://imagely.factory-direct-flooring.co.uk/media/catalog/product/m/a/malton_18mm_double_smoked_brushed_matt_lacquer_solid_16.jpg,2,Malton 18mm x 120mm Double Smoked Brushed Matt Lacquer Solid Oak Flooring,,,
malton-18mm-x-120mm-double-smoked-brushed-matt-lacquer-solid-oak-flooring,,,,,,,,,,,,,,,,,,,,https://imagely.factory-direct-flooring.co.uk/media/catalog/product/m/a/malton_18mm_double_smoked_brushed_matt_lacquer_solid_12.jpg,3,Malton 18mm x 120mm Double Smoked Brushed Matt Lacquer Solid Oak Flooring,,,
malton-18mm-x-120mm-double-smoked-brushed-matt-lacquer-solid-oak-flooring,,,,,,,,,,,,,,,,,,,,https://imagely.factory-direct-flooring.co.uk/media/catalog/product/m/a/malton_18mm_double_smoked_brushed_matt_lacquer_solid_15.jpg,4,Malton 18mm x 120mm Double Smoked Brushed Matt Lacquer Solid Oak Flooring,,,
malton-18mm-x-120mm-double-smoked-brushed-matt-lacquer-solid-oak-flooring,,,,,,,,,,,,,,,,,,,,https://imagely.factory-direct-flooring.co.uk/media/catalog/product/m/a/malton_18mm_double_smoked_brushed_matt_lacquer_solid_10_1.jpg,5,Malton 18mm x 120mm Double Smoked Brushed Matt Lacquer Solid Oak Flooring,,,
malton-18mm-x-120mm-double-smoked-brushed-matt-lacquer-solid-oak-flooring,,,,,,,,,,,,,,,,,,,,https://imagely.factory-direct-flooring.co.uk/media/catalog/product/m/a/malton_18mm_double_smoked_brushed_matt_lacquer_solid_11.jpg,6,Malton 18mm x 120mm Double Smoked Brushed Matt Lacquer Solid Oak Flooring,,,
malton-18mm-x-120mm-double-smoked-brushed-matt-lacquer-solid-oak-flooring,,,,,,,,,,,,,,,,,,,,https://imagely.factory-direct-flooring.co.uk/media/catalog/product/m/a/malton_18mm_double_smoked_brushed_matt_lacquer_solid_13.jpg,7,Malton 18mm x 120mm Double Smoked Brushed Matt Lacquer Solid Oak Flooring,,,
malton-18mm-x-120mm-double-smoked-brushed-matt-lacquer-solid-oak-flooring,,,,,,,,,,,,,,,,,,,,https://imagely.factory-direct-flooring.co.uk/media/catalog/product/m/a/malton_18mm_double_smoked_brushed_matt_lacquer_solid_17.jpg,8,Malton 18mm x 120mm Double Smoked Brushed Matt Lacquer Solid Oak Flooring,,,
malton-18mm-x-120mm-double-smoked-brushed-matt-lacquer-solid-oak-flooring,,,,,,,,,,,,,,,,,,,,https://imagely.factory-direct-flooring.co.uk/media/catalog/product/m/a/malton_18mm_double_smoked_brushed_matt_lacquer_solid_14.jpg,9,Malton 18mm x 120mm Double Smoked Brushed Matt Lacquer Solid Oak Flooring,,,
malton-18mm-x-120mm-double-smoked-brushed-matt-lacquer-solid-oak-flooring,,,,,,,,,,,,,,,,,,,,https://imagely.factory-direct-flooring.co.uk/media/catalog/product/m/a/malton_18mm_double_smoked_brushed_matt_lacquer_solid_18.jpg,10,Malton 18mm x 120mm Double Smoked Brushed Matt Lacquer Solid Oak Flooring,,,
malton-18mm-x-120mm-double-smoked-brushed-matt-lacquer-solid-oak-flooring,,,,,,,,,,,,,,,,,,,,https://imagely.factory-direct-flooring.co.uk/media/catalog/product/cache/d0a17a55162f689b08fd45d368ce8bcc/v/i/video-placeholder_002__11_23.png,11,Malton 18mm x 120mm Double Smoked Brushed Matt Lacquer Solid Oak Flooring,,,
malton-18mm-x-120mm-double-smoked-brushed-matt-lacquer-solid-oak-flooring,,,,,,,,,,,,,,,,,,,,https://imagely.factory-direct-flooring.co.uk/media/catalog/product/cache/d0a17a55162f689b08fd45d368ce8bcc/m/a/malton_18mm_double_smoked_brushed_matt_lacquer_solid_16.jpg,12,Malton 18mm x 120mm Double Smoked Brushed Matt Lacquer Solid Oak Flooring,,,
parquet-flooring,Parquet Flooring,"<p>Parquet flooring is a sophisticated style, laying wooden tiles in a geometric pattern to provide a delightful, dynamic effect to any room. Historically done using smaller sections, modern alternatives have developed to enable the use of larger pieces, smoother finishes and faster methods of construction. Ideal for use in a range of spaces where you want to make a great first impression - such as hallways, reception rooms, kitchens, living rooms and meeting areas - parquet flooring is available in a range of colours and treatments to complement your interior design.</p>",Factory Direct Flooring,hg-4-1,Solid Wood Flooring,solid-wood-flooring,TRUE,Title,Default Title,,0,shopify,100,deny,manual,0.00,,TRUE,TRUE,https://imagely.factory-direct-flooring.co.uk/media/catalog/product/cache/07f4e6a093cd3c305a832187014ed50b/h/e/herringbone_parquet_18mm_natural_oak_brushed_oiled_engineered_51.jpg,1,Parquet Flooring,Parquet Flooring,"Parquet flooring is a sophisticated style, laying wooden tiles in a zig-zag pattern to provide a delightful, dynamic effect to any room. Browse our full range here.",active
parquet-flooring,,,,,,,,,,,,,,,,,,,,https://imagely.factory-direct-flooring.co.uk/media/catalog/product/cache/07f4e6a093cd3c305a832187014ed50b/h/e/herringbone_parquet_18mm_natural_oak_brushed_oiled_engineered_53.jpg,2,Parquet Flooring,,,
parquet-flooring,,,,,,,,,,,,,,,,,,,,https://imagely.factory-direct-flooring.co.uk/media/catalog/product/cache/07f4e6a093cd3c305a832187014ed50b/p/r/prestige-herringbone-frosted-oak-8mm-laminate-3516-xl-lifestyle-1.jpg,3,Parquet Flooring,,,
parquet-flooring,,,,,,,,,,,,,,,,,,,,https://imagely.factory-direct-flooring.co.uk/media/catalog/product/cache/07f4e6a093cd3c305a832187014ed50b/p/r/prestige-herringbone-frosted-oak-8mm-laminate-3516-xl-lifestyle-2.jpg,4,Parquet Flooring,,,
parquet-flooring,,,,,,,,,,,,,,,,,,,,https://imagely.factory-direct-flooring.co.uk/media/catalog/product/cache/07f4e6a093cd3c305a832187014ed50b/p/r/prestige-herringbone-faded-oak-8mm-laminate-3678-lifestyle-1.jpg,5,Parquet Flooring,,,
parquet-flooring,,,,,,,,,,,,,,,,,,,,https://imagely.factory-direct-flooring.co.uk/media/catalog/product/cache/07f4e6a093cd3c305a832187014ed50b/p/r/prestige_herringbone_faded_oak_8mm_laminate_3678.png,6,Parquet Flooring,,,
parquet-flooring,,,,,,,,,,,,,,,,,,,,https://imagely.factory-direct-flooring.co.uk/media/catalog/product/cache/07f4e6a093cd3c305a832187014ed50b/p/r/prestige-herringbone-ambient-oak-8mm-laminate-3766-xl-lifestyle-1.jpg,7,Parquet Flooring,,,
parquet-flooring,,,,,,,,,,,,,,,,,,,,https://imagely.factory-direct-flooring.co.uk/media/catalog/product/cache/07f4e6a093cd3c305a832187014ed50b/p/r/prestige-herringbone-ambient-oak-8mm-laminate-3766-xl-lifestyle-2.jpg,8,Parquet Flooring,,,
parquet-flooring,,,,,,,,,,,,,,,,,,,,https://imagely.factory-direct-flooring.co.uk/media/catalog/product/cache/07f4e6a093cd3c305a832187014ed50b/p/r/prestige-herringbone-smokey-oak-8mm-laminate-3860-xl-lifestyle-1.jpg,9,Parquet Flooring,,,
parquet-flooring,,,,,,,,,,,,,,,,,,,,https://imagely.factory-direct-flooring.co.uk/media/catalog/product/cache/07f4e6a093cd3c305a832187014ed50b/p/r/prestige-herringbone-smokey-oak-8mm-laminate-3860-xl-lifestyle-2.jpg,10,Parquet Flooring,,,
parquet-flooring,,,,,,,,,,,,,,,,,,,,https://imagely.factory-direct-flooring.co.uk/media/catalog/product/cache/07f4e6a093cd3c305a832187014ed50b/p/r/prestige-herringbone-classic-natural-oak-8mm-laminate-3861-xl-lifestyle-1.jpg,11,Parquet Flooring,,,
parquet-flooring,,,,,,,,,,,,,,,,,,,,https://imagely.factory-direct-flooring.co.uk/media/catalog/product/cache/07f4e6a093cd3c305a832187014ed50b/p/r/prestige-herringbone-classic-natural-oak-8mm-laminate-3861-xl-lifestyle-2.jpg,12,Parquet Flooring,,,
parquet-flooring,,,,,,,,,,,,,,,,,,,,https://imagely.factory-direct-flooring.co.uk/media/catalog/product/cache/07f4e6a093cd3c305a832187014ed50b/p/r/prestige-herringbone-tobacco-light-8mm-laminate-4764-xl-lifestyle-1.jpg,13,Parquet Flooring,,,
parquet-flooring,,,,,,,,,,,,,,,,,,,,https://imagely.factory-direct-flooring.co.uk/media/catalog/product/cache/07f4e6a093cd3c305a832187014ed50b/p/r/prestige-herringbone-tobacco-light-8mm-laminate-4764-xl-swatch-1.jpg,14,Parquet Flooring,,,
parquet-flooring,,,,,,,,,,,,,,,,,,,,https://imagely.factory-direct-flooring.co.uk/media/catalog/product/cache/07f4e6a093cd3c305a832187014ed50b/p/r/prestige-herringbone-coffee-oak-8mm-laminate-4766-lifestyle-xl-1.jpg,15,Parquet Flooring,,,
parquet-flooring,,,,,,,,,,,,,,,,,,,,https://imagely.factory-direct-flooring.co.uk/media/catalog/product/cache/07f4e6a093cd3c305a832187014ed50b/p/r/prestige-herringbone-coffee-oak-8mm-laminate-4766-lifestyle-xl-2.jpg,16,Parquet Flooring,,,
parquet-flooring,,,,,,,,,,,,,,,,,,,,https://imagely.factory-direct-flooring.co.uk/media/catalog/product/cache/07f4e6a093cd3c305a832187014ed50b/u/l/ultrafelt_battle_oak_parquet_cushioned_vinyl_bedroom.jpg,17,Parquet Flooring,,,
parquet-flooring,,,,,,,,,,,,,,,,,,,,https://imagely.factory-direct-flooring.co.uk/media/catalog/product/cache/07f4e6a093cd3c305a832187014ed50b/u/l/ultrafelt_battle_oak_parquet_cushioned_vinyl_swatch.jpg,18,Parquet Flooring,,,
parquet-flooring,,,,,,,,,,,,,,,,,,,,https://imagely.factory-direct-flooring.co.uk/media/catalog/product/cache/07f4e6a093cd3c305a832187014ed50b/u/l/ultrafelt_natural_oak_parquet_cushioned_vinyl_hallway.jpg,19,Parquet Flooring,,,
parquet-flooring,,,,,,,,,,,,,,,,,,,,https://imagely.factory-direct-flooring.co.uk/media/catalog/product/cache/07f4e6a093cd3c305a832187014ed50b/u/l/ultrafelt_natural_oak_parquet_cushioned_vinyl_swatch.jpg,20,Parquet Flooring,,,
parquet-flooring,,,,,,,,,,,,,,,,,,,,https://imagely.factory-direct-flooring.co.uk/media/catalog/product/cache/07f4e6a093cd3c305a832187014ed50b/u/l/ultrafelt-aged-parquet-oak-cushioned-vinyl-xl-lifestyle-3.jpg,21,Parquet Flooring,,,
parquet-flooring,,,,,,,,,,,,,,,,,,,,https://imagely.factory-direct-flooring.co.uk/media/catalog/product/cache/07f4e6a093cd3c305a832187014ed50b/u/l/ultrafelt-aged-parquet-oak-cushioned-vinyl-xl-lifestyle-2.jpg,22,Parquet Flooring,,,
parquet-flooring,,,,,,,,,,,,,,,,,,,,https://imagely.factory-direct-flooring.co.uk/media/catalog/product/cache/07f4e6a093cd3c305a832187014ed50b/p/r/prestige-herringbone-iris-oak-8mm-laminate-3773-xl-s1_1.jpg,23,Parquet Flooring,,,
parquet-flooring,,,,,,,,,,,,,,,,,,,,https://imagely.factory-direct-flooring.co.uk/media/catalog/product/cache/07f4e6a093cd3c305a832187014ed50b/p/r/prestige-herringbone-iris-oak-8mm-laminate-3773-xl-swatch-2.jpg,24,Parquet Flooring,,,
parquet-flooring,,,,,,,,,,,,,,,,,,,,https://imagely.factory-direct-flooring.co.uk/media/catalog/product/cache/07f4e6a093cd3c305a832187014ed50b/p/r/prestige-herringbone-charcoal-8mm-laminate-6010-xl-lifestyle-1.jpg,25,Parquet Flooring,,,
parquet-flooring,,,,,,,,,,,,,,,,,,,,https://imagely.factory-direct-flooring.co.uk/media/catalog/product/cache/07f4e6a093cd3c305a832187014ed50b/p/r/prestige-herringbone-charcoal-8mm-laminate-6010-xl-lifestyle-2.jpg,26,Parquet Flooring,,,
parquet-flooring,,,,,,,,,,,,,,,,,,,,https://imagely.factory-direct-flooring.co.uk/media/catalog/product/cache/07f4e6a093cd3c305a832187014ed50b/e/m/embrace-herringbone-10mm-tricat-oak-6018-xl-lifestyle-1_1.jpg,27,Parquet Flooring,,,
parquet-flooring,,,,,,,,,,,,,,,,,,,,https://imagely.factory-direct-flooring.co.uk/media/catalog/product/cache/07f4e6a093cd3c305a832187014ed50b/e/m/embrace-herringbone-10mm-tricat-oak-6018-xl-lifestyle-2_1.jpg,28,Parquet Flooring,,,
parquet-flooring,,,,,,,,,,,,,,,,,,,,https://imagely.factory-direct-flooring.co.uk/media/catalog/product/cache/07f4e6a093cd3c305a832187014ed50b/h/e/herringbone-parquet-lacquered-dalgona-oak-10mm-engineered-lifestyle-1_1.jpg,29,Parquet Flooring,,,
parquet-flooring,,,,,,,,,,,,,,,,,,,,https://imagely.factory-direct-flooring.co.uk/media/catalog/product/cache/07f4e6a093cd3c305a832187014ed50b/h/e/herringbone-parquet-lacquered-dalgona-oak-10mm-engineered-lifestyle-2.jpg,30,Parquet Flooring,,,
parquet-flooring,,,,,,,,,,,,,,,,,,,,https://imagely.factory-direct-flooring.co.uk/media/catalog/product/cache/07f4e6a093cd3c305a832187014ed50b/h/e/herringbone-parquet-lacquered-autumn-oak-10mm-engineered-lifestyle-1_1.jpg,31,Parquet Flooring,,,
parquet-flooring,,,,,,,,,,,,,,,,,,,,https://imagely.factory-direct-flooring.co.uk/media/catalog/product/cache/07f4e6a093cd3c305a832187014ed50b/h/e/herringbone-parquet-lacquered-autumn-oak-10mm-engineered-lifestyle-2.jpg,32,Parquet Flooring,,,
parquet-flooring,,,,,,,,,,,,,,,,,,,,https://imagely.factory-direct-flooring.co.uk/media/catalog/product/cache/07f4e6a093cd3c305a832187014ed50b/h/e/herringbone_parquet_14mm_nude_oak_engineered_10.jpg,33,Parquet Flooring,,,
parquet-flooring,,,,,,,,,,,,,,,,,,,,https://imagely.factory-direct-flooring.co.uk/media/catalog/product/cache/07f4e6a093cd3c305a832187014ed50b/h/e/herringbone_parquet_14mm_nude_oak_engineered_13.jpg,34,Parquet Flooring,,,
parquet-flooring,,,,,,,,,,,,,,,,,,,,https://imagely.factory-direct-flooring.co.uk/media/catalog/product/cache/07f4e6a093cd3c305a832187014ed50b/h/e/herringbone_parquet_brushed_matt_lacquer_14mm_harvest_oak_engineered_50.jpg,35,Parquet Flooring,,,
parquet-flooring,,,,,,,,,,,,,,,,,,,,https://imagely.factory-direct-flooring.co.uk/media/catalog/product/cache/07f4e6a093cd3c305a832187014ed50b/h/e/herringbone_parquet_brushed_matt_lacquer_14mm_harvest_oak_engineered_53.jpg,36,Parquet Flooring,,,
parquet-flooring,,,,,,,,,,,,,,,,,,,,https://imagely.factory-direct-flooring.co.uk/media/catalog/product/cache/07f4e6a093cd3c305a832187014ed50b/7/3/73662stoutland11cropped.jpg,37,Parquet Flooring,,,
parquet-flooring,,,,,,,,,,,,,,,,,,,,https://imagely.factory-direct-flooring.co.uk/media/catalog/product/cache/07f4e6a093cd3c305a832187014ed50b/6/3/63662stoutlandcropped.jpg,38,Parquet Flooring,,,
parquet-flooring,,,,,,,,,,,,,,,,,,,,https://imagely.factory-direct-flooring.co.uk/media/catalog/product/cache/07f4e6a093cd3c305a832187014ed50b/e/m/embrace-herringbone-windsor-oak-10mm-laminate-1001-xl-lifestyle-1.jpg,39,Parquet Flooring,,,
parquet-flooring,,,,,,,,,,,,,,,,,,,,https://imagely.factory-direct-flooring.co.uk/media/catalog/product/cache/07f4e6a093cd3c305a832187014ed50b/e/m/embrace-herringbone-windsor-oak-10mm-laminate-1001-xl-lifestyle-3.jpg,40,Parquet Flooring,,,
watton-18mm-x-120mm-solid-oak-flooring-golden-handscraped-matt-lacquer,Watton 18mm x 120mm Solid Oak Flooring Golden Handscraped Matt Lacquer,"<p>Watton 18mm x 120mm Solid Oak Flooring Golden Handscraped Matt LacquerThe Watton 18mm x 120mm Solid Oak Flooring is a premium rustic-grade hardwood floor with rich, golden tones and a tactile, hand-scraped surface. The matt lacquer finish protects the wood while enhancing its natural character, creating a warm, inviting floor that&rsquo;s ideal for traditional and contemporary interiors alike.Why choose Watton solid oak flooring?- 100% Solid hardwood construction Crafted from a single piece of oak, offering authentic grain, natural depth and the ability to sand and refinish multiple times over its lifespan.- Hand-scraped golden finish Each plank is carefully hand-scraped to add texture and character, highlighting the oak&rsquo;s natural warmth and rustic charm.- Durable matt lacquer protection Low-sheen lacquer resists scuffs, scratches and everyday wear while maintaining a natural aesthetic.- 18mm thickness for heavy domestic use Built to withstand high-traffic areas such as living rooms, dining rooms, hallways and bedrooms.- Rustic grade character Knots, splits and tonal variation give every plank a unique, lived-in appearance.- Bevelled edges and 1-strip plank effect Creates a defined, classic look suitable for both contemporary and traditional interiors.- Backed by a 25-year domestic warranty Confidence in durability and long-term quality.Product suitabilityThe Watton solid oak floor is installed using a full stick (glue-down) method, providing a secure and long-lasting fit. Ideal for dry, temperature-stable rooms, it is not suitable for underfloor heating or moisture-prone spaces like bathrooms.Order a free sampleSee the Watton 18mm x 120mm Solid Oak Flooring in your home before you buy. Request a free sample to view the golden finish, hand-scraped texture in your space.For expert advice on installation, suitability or maintenance, speak to our flooring specialists or download the installation guide above.FAQsWhat does &ldquo;hand-scraped&rdquo; mean? Hand-scraped flooring has been manually textured to highlight the wood&rsquo;s natural grain, knots and imperfections, creating a rustic, tactile finish.Is matt lacquered wood easy to maintain? Yes. The matt lacquer provides a protective layer, resisting scuffs and scratches. Routine sweeping and occasional damp mopping are sufficient.</p>",Abbey,hg-4-1,Solid Wood Flooring,solid-wood-flooring,TRUE,Title,Default Title,74119S,0,shopify,100,deny,manual,68.15,,TRUE,TRUE,https://imagely.factory-direct-flooring.co.uk/media/catalog/product/cache/a32675c3ec31325e225afa082c9c19e7/w/a/watton_18mm_golden_handscraped_matt_lacquer_solid_8.jpg,1,Watton 18mm x 120mm Solid Oak Flooring Golden Handscraped Matt Lacquer,Watton 18mm x 120mm Solid Oak Flooring Golden Handscraped Matt Lacquer,"Watton 18mm x 120mm Solid Oak Flooring Golden Handscraped Matt LacquerThe Watton 18mm x 120mm Solid Oak Flooring is a premium rustic-grade hardwood floor with rich, golden tones and a tactile, hand-scraped surface. The matt lacquer finish protects the woo",active
watton-18mm-x-120mm-solid-oak-flooring-golden-handscraped-matt-lacquer,,,,,,,,,,,,,,,,,,,,https://imagely.factory-direct-flooring.co.uk/media/catalog/product/w/a/watton_18mm_golden_handscraped_matt_lacquer_solid_8.jpg,2,Watton 18mm x 120mm Solid Oak Flooring Golden Handscraped Matt Lacquer,,,
watton-18mm-x-120mm-solid-oak-flooring-golden-handscraped-matt-lacquer,,,,,,,,,,,,,,,,,,,,https://imagely.factory-direct-flooring.co.uk/media/catalog/product/w/a/watton_18mm_golden_handscraped_matt_lacquer_solid_2_1.jpg,3,Watton 18mm x 120mm Solid Oak Flooring Golden Handscraped Matt Lacquer,,,
watton-18mm-x-120mm-solid-oak-flooring-golden-handscraped-matt-lacquer,,,,,,,,,,,,,,,,,,,,https://imagely.factory-direct-flooring.co.uk/media/catalog/product/w/a/watton_18mm_golden_handscraped_matt_lacquer_solid_5_1.jpg,4,Watton 18mm x 120mm Solid Oak Flooring Golden Handscraped Matt Lacquer,,,
watton-18mm-x-120mm-solid-oak-flooring-golden-handscraped-matt-lacquer,,,,,,,,,,,,,,,,,,,,https://imagely.factory-direct-flooring.co.uk/media/catalog/product/w/a/watton_18mm_golden_handscraped_matt_lacquer_solid_4_1.jpg,5,Watton 18mm x 120mm Solid Oak Flooring Golden Handscraped Matt Lacquer,,,
watton-18mm-x-120mm-solid-oak-flooring-golden-handscraped-matt-lacquer,,,,,,,,,,,,,,,,,,,,https://imagely.factory-direct-flooring.co.uk/media/catalog/product/w/a/watton_18mm_golden_handscraped_matt_lacquer_solid_1_1.jpg,6,Watton 18mm x 120mm Solid Oak Flooring Golden Handscraped Matt Lacquer,,,
watton-18mm-x-120mm-solid-oak-flooring-golden-handscraped-matt-lacquer,,,,,,,,,,,,,,,,,,,,https://imagely.factory-direct-flooring.co.uk/media/catalog/product/w/a/watton_18mm_golden_handscraped_matt_lacquer_solid_3_1.jpg,7,Watton 18mm x 120mm Solid Oak Flooring Golden Handscraped Matt Lacquer,,,
watton-18mm-x-120mm-solid-oak-flooring-golden-handscraped-matt-lacquer,,,,,,,,,,,,,,,,,,,,https://imagely.factory-direct-flooring.co.uk/media/catalog/product/w/a/watton_18mm_golden_handscraped_matt_lacquer_solid_6_1.jpg,8,Watton 18mm x 120mm Solid Oak Flooring Golden Handscraped Matt Lacquer,,,
watton-18mm-x-120mm-solid-oak-flooring-golden-handscraped-matt-lacquer,,,,,,,,,,,,,,,,,,,,https://imagely.factory-direct-flooring.co.uk/media/catalog/product/w/a/watton_18mm_golden_handscraped_matt_lacquer_solid_7.jpg,9,Watton 18mm x 120mm Solid Oak Flooring Golden Handscraped Matt Lacquer,,,
watton-18mm-x-120mm-solid-oak-flooring-golden-handscraped-matt-lacquer,,,,,,,,,,,,,,,,,,,,https://imagely.factory-direct-flooring.co.uk/media/catalog/product/w/a/watton_18mm_golden_handscraped_matt_lacquer_solid_9.jpg,10,Watton 18mm x 120mm Solid Oak Flooring Golden Handscraped Matt Lacquer,,,
watton-18mm-x-120mm-solid-oak-flooring-golden-handscraped-matt-lacquer,,,,,,,,,,,,,,,,,,,,https://imagely.factory-direct-flooring.co.uk/media/catalog/product/cache/d0a17a55162f689b08fd45d368ce8bcc/v/i/video-placeholder_002__11_22.png,11,Watton 18mm x 120mm Solid Oak Flooring Golden Handscraped Matt Lacquer,,,
watton-18mm-x-120mm-solid-oak-flooring-golden-handscraped-matt-lacquer,,,,,,,,,,,,,,,,,,,,https://imagely.factory-direct-flooring.co.uk/media/catalog/product/cache/d0a17a55162f689b08fd45d368ce8bcc/w/a/watton_18mm_golden_handscraped_matt_lacquer_solid_8.jpg,12,Watton 18mm x 120mm Solid Oak Flooring Golden Handscraped Matt Lacquer,,,
loire-rich-oak-distressed-wax-oil-15mm-engineered,Loire Rich Oak Distressed Wax Oil 15mm Engineered,<p>Loire Rich Oak Distressed Wax Oil 15mm Engineered </p>,Loire Naturalle,hg-4-1,Engineered Wood Flooring,engineered-wood-flooring,TRUE,Title,Default Title,74090LRO,0,shopify,100,deny,manual,59.99,,TRUE,TRUE,https://imagely.factory-direct-flooring.co.uk/media/catalog/product/cache/a32675c3ec31325e225afa082c9c19e7/f/f/ff-74090lro-10.jpg,1,Loire Rich Oak Distressed Wax Oil 15mm Engineered,Loire Rich Oak Distressed Wax Oil 15mm Engineered,Loire Rich Oak Distressed Wax Oil 15mm Engineered,active
loire-rich-oak-distressed-wax-oil-15mm-engineered,,,,,,,,,,,,,,,,,,,,https://imagely.factory-direct-flooring.co.uk/media/catalog/product/f/f/ff-74090lro-10.jpg,2,Loire Rich Oak Distressed Wax Oil 15mm Engineered,,,
loire-rich-oak-distressed-wax-oil-15mm-engineered,,,,,,,,,,,,,,,,,,,,https://imagely.factory-direct-flooring.co.uk/media/catalog/product/f/f/ff-74090lro-14.jpg,3,Loire Rich Oak Distressed Wax Oil 15mm Engineered,,,
loire-rich-oak-distressed-wax-oil-15mm-engineered,,,,,,,,,,,,,,,,,,,,https://imagely.factory-direct-flooring.co.uk/media/catalog/product/f/f/ff-74090lro-13.jpg,4,Loire Rich Oak Distressed Wax Oil 15mm Engineered,,,
loire-rich-oak-distressed-wax-oil-15mm-engineered,,,,,,,,,,,,,,,,,,,,https://imagely.factory-direct-flooring.co.uk/media/catalog/product/f/f/ff-74090lro-1.jpg,5,Loire Rich Oak Distressed Wax Oil 15mm Engineered,,,
loire-rich-oak-distressed-wax-oil-15mm-engineered,,,,,,,,,,,,,,,,,,,,https://imagely.factory-direct-flooring.co.uk/media/catalog/product/f/f/ff-74090lro-5.jpg,6,Loire Rich Oak Distressed Wax Oil 15mm Engineered,,,
loire-rich-oak-distressed-wax-oil-15mm-engineered,,,,,,,,,,,,,,,,,,,,https://imagely.factory-direct-flooring.co.uk/media/catalog/product/f/f/ff-74090lro-16.jpg,7,Loire Rich Oak Distressed Wax Oil 15mm Engineered,,,
loire-rich-oak-distressed-wax-oil-15mm-engineered,,,,,,,,,,,,,,,,,,,,https://imagely.factory-direct-flooring.co.uk/media/catalog/product/f/f/ff-74090lro-17.jpg,8,Loire Rich Oak Distressed Wax Oil 15mm Engineered,,,
loire-rich-oak-distressed-wax-oil-15mm-engineered,,,,,,,,,,,,,,,,,,,,https://imagely.factory-direct-flooring.co.uk/media/catalog/product/cache/d0a17a55162f689b08fd45d368ce8bcc/v/i/video-placeholder_002__37.png,9,Loire Rich Oak Distressed Wax Oil 15mm Engineered,,,
loire-rich-oak-distressed-wax-oil-15mm-engineered,,,,,,,,,,,,,,,,,,,,https://imagely.factory-direct-flooring.co.uk/media/catalog/product/cache/d0a17a55162f689b08fd45d368ce8bcc/v/i/video-placeholder_002__6_25.png,10,Loire Rich Oak Distressed Wax Oil 15mm Engineered,,,
loire-rich-oak-distressed-wax-oil-15mm-engineered,,,,,,,,,,,,,,,,,,,,https://imagely.factory-direct-flooring.co.uk/media/catalog/product/cache/d0a17a55162f689b08fd45d368ce8bcc/v/i/video-placeholder_002__11_1.png,11,Loire Rich Oak Distressed Wax Oil 15mm Engineered,,,
loire-rich-oak-distressed-wax-oil-15mm-engineered,,,,,,,,,,,,,,,,,,,,https://imagely.factory-direct-flooring.co.uk/media/catalog/product/cache/d0a17a55162f689b08fd45d368ce8bcc/f/f/ff-74090lro-10.jpg,12,Loire Rich Oak Distressed Wax Oil 15mm Engineered,,,
herringbone-parquet-18mm-natural-blackline-brushed-matt-lacquered-engineered-flooring,Herringbone Parquet 18mm Natural Blackline Brushed Matt Lacquered Engineered Flooring,<p>Herringbone Parquet 18mm Natural Blackline Brushed Matt Lacquered Engineered Flooring</p>,Herringbone Parquet,hg-4-1,Engineered Wood Flooring,engineered-wood-flooring,TRUE,Title,Default Title,74096NBB,0,shopify,100,deny,manual,64.79,,TRUE,TRUE,https://imagely.factory-direct-flooring.co.uk/media/catalog/product/cache/a32675c3ec31325e225afa082c9c19e7/h/e/herringbone_parquet_18mm_natural_blackline_brushed_matt_lacquered_engineered_flooring_10.jpg,1,Herringbone Parquet 18mm Natural Blackline Brushed Matt Lacquered Engineered Flooring,Herringbone Parquet 18mm Natural Blackline Brushed Matt Lacquered Engineered Flooring,Herringbone Parquet 18mm Natural Blackline Brushed Matt Lacquered Engineered Flooring,active
herringbone-parquet-18mm-natural-blackline-brushed-matt-lacquered-engineered-flooring,,,,,,,,,,,,,,,,,,,,https://imagely.factory-direct-flooring.co.uk/media/catalog/product/h/e/herringbone_parquet_18mm_natural_blackline_brushed_matt_lacquered_engineered_flooring_10.jpg,2,Herringbone Parquet 18mm Natural Blackline Brushed Matt Lacquered Engineered Flooring,,,
herringbone-parquet-18mm-natural-blackline-brushed-matt-lacquered-engineered-flooring,,,,,,,,,,,,,,,,,,,,https://imagely.factory-direct-flooring.co.uk/media/catalog/product/h/e/herringbone_parquet_18mm_natural_blackline_brushed_matt_lacquered_engineered_flooring_12.jpg,3,Herringbone Parquet 18mm Natural Blackline Brushed Matt Lacquered Engineered Flooring,,,
herringbone-parquet-18mm-natural-blackline-brushed-matt-lacquered-engineered-flooring,,,,,,,,,,,,,,,,,,,,https://imagely.factory-direct-flooring.co.uk/media/catalog/product/h/e/herringbone_parquet_18mm_natural_blackline_brushed_matt_lacquered_engineered_flooring_13.jpg,4,Herringbone Parquet 18mm Natural Blackline Brushed Matt Lacquered Engineered Flooring,,,
herringbone-parquet-18mm-natural-blackline-brushed-matt-lacquered-engineered-flooring,,,,,,,,,,,,,,,,,,,,https://imagely.factory-direct-flooring.co.uk/media/catalog/product/h/e/herringbone_parquet_18mm_natural_blackline_brushed_matt_lacquered_engineered_flooring_14.jpg,5,Herringbone Parquet 18mm Natural Blackline Brushed Matt Lacquered Engineered Flooring,,,
herringbone-parquet-18mm-natural-blackline-brushed-matt-lacquered-engineered-flooring,,,,,,,,,,,,,,,,,,,,https://imagely.factory-direct-flooring.co.uk/media/catalog/product/h/e/herringbone_parquet_18mm_natural_blackline_brushed_matt_lacquered_engineered_flooring_15.jpg,6,Herringbone Parquet 18mm Natural Blackline Brushed Matt Lacquered Engineered Flooring,,,
herringbone-parquet-18mm-natural-blackline-brushed-matt-lacquered-engineered-flooring,,,,,,,,,,,,,,,,,,,,https://imagely.factory-direct-flooring.co.uk/media/catalog/product/h/e/herringbone_parquet_18mm_natural_blackline_brushed_matt_lacquered_engineered_flooring_16.jpg,7,Herringbone Parquet 18mm Natural Blackline Brushed Matt Lacquered Engineered Flooring,,,
herringbone-parquet-18mm-natural-blackline-brushed-matt-lacquered-engineered-flooring,,,,,,,,,,,,,,,,,,,,https://imagely.factory-direct-flooring.co.uk/media/catalog/product/h/e/herringbone_parquet_18mm_natural_blackline_brushed_matt_lacquered_engineered_flooring_11.jpg,8,Herringbone Parquet 18mm Natural Blackline Brushed Matt Lacquered Engineered Flooring,,,
herringbone-parquet-18mm-natural-blackline-brushed-matt-lacquered-engineered-flooring,,,,,,,,,,,,,,,,,,,,https://imagely.factory-direct-flooring.co.uk/media/catalog/product/h/e/herringbone_parquet_18mm_natural_blackline_brushed_matt_lacquered_engineered_flooring_17.jpg,9,Herringbone Parquet 18mm Natural Blackline Brushed Matt Lacquered Engineered Flooring,,,
herringbone-parquet-18mm-natural-blackline-brushed-matt-lacquered-engineered-flooring,,,,,,,,,,,,,,,,,,,,https://imagely.factory-direct-flooring.co.uk/media/catalog/product/cache/d0a17a55162f689b08fd45d368ce8bcc/v/i/video-placeholder_002__11_37.png,10,Herringbone Parquet 18mm Natural Blackline Brushed Matt Lacquered Engineered Flooring,,,
herringbone-parquet-18mm-natural-blackline-brushed-matt-lacquered-engineered-flooring,,,,,,,,,,,,,,,,,,,,https://imagely.factory-direct-flooring.co.uk/media/catalog/product/cache/d0a17a55162f689b08fd45d368ce8bcc/v/i/video-placeholder_002__15_8.png,11,Herringbone Parquet 18mm Natural Blackline Brushed Matt Lacquered Engineered Flooring,,,
herringbone-parquet-18mm-natural-blackline-brushed-matt-lacquered-engineered-flooring,,,,,,,,,,,,,,,,,,,,https://imagely.factory-direct-flooring.co.uk/media/catalog/product/cache/d0a17a55162f689b08fd45d368ce8bcc/v/i/video-placeholder_002__16_1.png,12,Herringbone Parquet 18mm Natural Blackline Brushed Matt Lacquered Engineered Flooring,,,
herringbone-parquet-18mm-natural-blackline-brushed-matt-lacquered-engineered-flooring,,,,,,,,,,,,,,,,,,,,https://imagely.factory-direct-flooring.co.uk/media/catalog/product/cache/d0a17a55162f689b08fd45d368ce8bcc/h/e/herringbone_parquet_18mm_natural_blackline_brushed_matt_lacquered_engineered_flooring_10.jpg,13,Herringbone Parquet 18mm Natural Blackline Brushed Matt Lacquered Engineered Flooring,,,
abbey-standen-oak-golden-engineered-flooring-14mm-x-165mm-brushed-matt-lacquered,Abbey Standen Oak Golden Engineered Flooring 14mm x 165mm Brushed Matt Lacquered,"<p>The Abbey Standen Oak Golden Engineered Flooring 14 mm x 165 mm Brushed Matt Lacquered blends warm golden oak tones with subtle texture and modern durability. Its brushed surface highlights the natural grain, while the matt lacquer finish offers protection and a soft, refined appearance. The 14 mm engineered build ensures stability and performance, making it suitable for many rooms including those using underfloor heating (when installed correctly).</p>",Abbey,hg-4-1,Engineered Wood Flooring,engineered-wood-flooring,TRUE,Title,Default Title,74102STA,0,shopify,100,deny,manual,38.15,,TRUE,TRUE,https://imagely.factory-direct-flooring.co.uk/media/catalog/product/cache/a32675c3ec31325e225afa082c9c19e7/a/b/abbey_standen_golden_oak_14mm_brushed_matt_lacquered_engineered_15_1_1.jpg,1,Abbey Standen Oak Golden Engineered Flooring 14mm x 165mm Brushed Matt Lacquered,Abbey Standen Oak Golden Engineered Flooring 14mm x 165mm Brushed Matt Lacquered,"The Abbey Standen Oak Golden Engineered Flooring 14 mm x 165 mm Brushed Matt Lacquered blends warm golden oak tones with subtle texture and modern durability. Its brushed surface highlights the natural grain, while the matt lacquer finish offers protectio",active
abbey-standen-oak-golden-engineered-flooring-14mm-x-165mm-brushed-matt-lacquered,,,,,,,,,,,,,,,,,,,,https://imagely.factory-direct-flooring.co.uk/media/catalog/product/a/b/abbey_standen_golden_oak_14mm_brushed_matt_lacquered_engineered_15_1_1.jpg,2,Abbey Standen Oak Golden Engineered Flooring 14mm x 165mm Brushed Matt Lacquered,,,
abbey-standen-oak-golden-engineered-flooring-14mm-x-165mm-brushed-matt-lacquered,,,,,,,,,,,,,,,,,,,,https://imagely.factory-direct-flooring.co.uk/media/catalog/product/a/b/abbey_standen_golden_oak_14mm_brushed_matt_lacquered_engineered_14_1_1.jpg,3,Abbey Standen Oak Golden Engineered Flooring 14mm x 165mm Brushed Matt Lacquered,,,
abbey-standen-oak-golden-engineered-flooring-14mm-x-165mm-brushed-matt-lacquered,,,,,,,,,,,,,,,,,,,,https://imagely.factory-direct-flooring.co.uk/media/catalog/product/a/b/abbey_standen_golden_oak_14mm_brushed_matt_lacquered_engineered_10_1_1.jpg,4,Abbey Standen Oak Golden Engineered Flooring 14mm x 165mm Brushed Matt Lacquered,,,
abbey-standen-oak-golden-engineered-flooring-14mm-x-165mm-brushed-matt-lacquered,,,,,,,,,,,,,,,,,,,,https://imagely.factory-direct-flooring.co.uk/media/catalog/product/a/b/abbey_standen_golden_oak_14mm_brushed_matt_lacquered_engineered_13_1_1.jpg,5,Abbey Standen Oak Golden Engineered Flooring 14mm x 165mm Brushed Matt Lacquered,,,
abbey-standen-oak-golden-engineered-flooring-14mm-x-165mm-brushed-matt-lacquered,,,,,,,,,,,,,,,,,,,,https://imagely.factory-direct-flooring.co.uk/media/catalog/product/a/b/abbey_standen_golden_oak_14mm_brushed_matt_lacquered_engineered_12_1_1.jpg,6,Abbey Standen Oak Golden Engineered Flooring 14mm x 165mm Brushed Matt Lacquered,,,
abbey-standen-oak-golden-engineered-flooring-14mm-x-165mm-brushed-matt-lacquered,,,,,,,,,,,,,,,,,,,,https://imagely.factory-direct-flooring.co.uk/media/catalog/product/a/b/abbey_standen_golden_oak_14mm_brushed_matt_lacquered_engineered_11_1_1.jpg,7,Abbey Standen Oak Golden Engineered Flooring 14mm x 165mm Brushed Matt Lacquered,,,
abbey-standen-oak-golden-engineered-flooring-14mm-x-165mm-brushed-matt-lacquered,,,,,,,,,,,,,,,,,,,,https://imagely.factory-direct-flooring.co.uk/media/catalog/product/a/b/abbey_standen_golden_oak_14mm_brushed_matt_lacquered_engineered_16_1_1.jpg,8,Abbey Standen Oak Golden Engineered Flooring 14mm x 165mm Brushed Matt Lacquered,,,
abbey-standen-oak-golden-engineered-flooring-14mm-x-165mm-brushed-matt-lacquered,,,,,,,,,,,,,,,,,,,,https://imagely.factory-direct-flooring.co.uk/media/catalog/product/cache/d0a17a55162f689b08fd45d368ce8bcc/v/i/video-placeholder_002__55.png,9,Abbey Standen Oak Golden Engineered Flooring 14mm x 165mm Brushed Matt Lacquered,,,
abbey-standen-oak-golden-engineered-flooring-14mm-x-165mm-brushed-matt-lacquered,,,,,,,,,,,,,,,,,,,,https://imagely.factory-direct-flooring.co.uk/media/catalog/product/cache/d0a17a55162f689b08fd45d368ce8bcc/v/i/video-placeholder_002__11_13.png,10,Abbey Standen Oak Golden Engineered Flooring 14mm x 165mm Brushed Matt Lacquered,,,
abbey-standen-oak-golden-engineered-flooring-14mm-x-165mm-brushed-matt-lacquered,,,,,,,,,,,,,,,,,,,,https://imagely.factory-direct-flooring.co.uk/media/catalog/product/cache/d0a17a55162f689b08fd45d368ce8bcc/v/i/video-placeholder_002__12_10.png,11,Abbey Standen Oak Golden Engineered Flooring 14mm x 165mm Brushed Matt Lacquered,,,
abbey-standen-oak-golden-engineered-flooring-14mm-x-165mm-brushed-matt-lacquered,,,,,,,,,,,,,,,,,,,,https://imagely.factory-direct-flooring.co.uk/media/catalog/product/cache/d0a17a55162f689b08fd45d368ce8bcc/a/b/abbey_standen_golden_oak_14mm_brushed_matt_lacquered_engineered_15_1_1.jpg,12,Abbey Standen Oak Golden Engineered Flooring 14mm x 165mm Brushed Matt Lacquered,,,
